Course,Sport,Description,Generique
Foot,Sport,Description,Generique
Rugby,Sport,Description,Generique
Course,Sport,Commentaire,Generique
Journal,Autre,Description,Specifique
Rugby,Sport,Commentaire,Specifique
Magazine,Autre,Commentaire,Generique
Election,Autre,Description,Specifique
Foot,Sport,Commentaire,Generique
Magazine,Autre,Description,Generique
Magazine,Autre,Description,Specifique
Course,Sport,Description,Specifique
Foot,Sport,Commentaire,Specifique
Rugby,Sport,Description,Specifique
Election,Autre,Commentaire,Specifique
Journal,Autre,Description,Generique
Rugby,Sport,Commentaire,Generique
Course,Sport,Commentaire,Specifique
Election,Autre,Commentaire,Generique
Election,Autre,Description,Generique
Magazine,Autre,Commentaire,Specifique
Foot,Sport,Description,Specifique
Journal,Autre,Commentaire,Specifique
Journal,Autre,Commentaire,Generique
